price_mod,lon,lat,days_on_site,m2,bathrooms,amenities,parking_lots,num_bedrooms,top_vendor
9000000.0,-99.1641821,19.421317300000002,5.0,127.0,2.0,3.0,2,2.0,False
4264000.0,-99.16354140000001,19.4210293,7.0,54.0,1.0,2.0,1,1.0,False
8093500.0,-99.1618723,19.4078138,4.0,163.0,3.0,0.0,2,3.0,False
4000000.0,-99.16024279999999,19.404992,150.0,93.0,2.0,2.0,1,2.0,False
6732700.0,-99.1560364,19.4196927,52.0,103.0,2.0,4.0,1,2.0,False
3200000.0,-99.1687004,19.4030201,120.0,67.0,1.0,3.0,1,2.0,False
9000000.0,-99.1641821,19.421317300000002,18.0,127.0,2.0,3.0,2,2.0,False
5550000.0,-99.1649286,19.411197899999998,31.0,112.0,2.0,0.0,1,2.0,False
10592361.0,-99.15579749999999,19.4210727,150.0,154.0,2.0,3.0,2,3.0,False
5300000.0,-99.15381059999999,19.4193053,55.0,100.0,2.0,4.0,2,2.0,False
10200000.0,-99.1636062,19.4043698,4.0,163.0,2.0,5.0,2,3.0,False
11050000.0,-99.1636062,19.4043698,4.0,180.0,2.0,5.0,2,3.0,False
9880000.0,-99.1636062,19.4043698,4.0,157.0,2.0,5.0,2,3.0,False
7010000.0,-99.1636062,19.4043698,4.0,111.0,2.0,5.0,2,3.0,False
6790000.0,-99.1636062,19.4043698,4.0,112.0,2.0,5.0,2,3.0,False
9670000.0,-99.1636062,19.4043698,4.0,149.0,2.0,5.0,2,3.0,False
7332973.0,-99.1636062,19.4043698,4.0,114.0,2.0,5.0,2,3.0,False
9859115.0,-99.16431850000001,19.409084699999998,3.0,145.0,2.0,4.0,1,2.0,False
3382500.0,-99.1636062,19.4043698,4.0,41.0,1.0,2.0,1,1.0,False
4515000.0,-99.1636062,19.4043698,4.0,54.0,1.0,2.0,1,1.0,False
4496000.0,-99.162549,19.419525600000004,4.0,56.0,1.0,2.0,1,1.0,False
5257500.0,-99.1636062,19.4043698,4.0,63.0,1.0,2.0,1,1.0,False
4102500.0,-99.1636062,19.4043698,4.0,49.0,1.0,2.0,1,1.0,False
3195000.0,-99.1636062,19.4043698,4.0,38.0,1.0,2.0,1,1.0,False
4061500.0,-99.16266359999999,19.4020904,6.0,84.0,2.0,4.0,1,2.0,False
3306533.0,-99.15479040000001,19.4127205,7.0,48.0,1.0,0.0,1,1.0,True
5399999.0,-99.1653045,19.4136591,3.0,89.0,2.0,4.0,1,2.0,False
4314445.0,-99.16431850000001,19.409084699999998,3.0,67.0,1.0,3.0,1,2.0,False
4996100.0,-99.16431850000001,19.409084699999998,3.0,74.0,2.0,4.0,1,2.0,False
4850000.0,-99.1690454,19.4052747,7.0,91.0,2.0,0.0,1,2.0,True
3615970.0,-99.1649891,19.405299,7.0,45.0,1.0,0.0,1,1.0,True
3395000.0,-99.1558187,19.4184344,7.0,60.0,1.0,0.0,1,1.0,True
4495000.0,-99.162549,19.419525600000004,7.0,86.0,2.0,0.0,1,3.0,True
5292000.0,-99.162549,19.419525600000004,7.0,81.0,2.0,0.0,1,2.0,True
2792170.0,-99.16520140000002,19.418153,8.0,37.0,1.0,0.0,1,1.0,False
3034124.0,-99.1649891,19.405299,7.0,48.0,1.0,0.0,1,1.0,True
9500000.0,-99.1649891,19.405299,7.0,176.0,3.0,0.0,1,2.0,True
8700000.0,-99.1649891,19.405299,7.0,126.0,3.0,0.0,2,2.0,True
4495000.0,-99.162549,19.419525600000004,7.0,86.0,2.0,0.0,1,3.0,True
12900000.0,-99.1596792,19.4158401,7.0,284.0,3.0,0.0,2,3.0,True
3995000.0,-99.162549,19.419525600000004,7.0,85.0,2.0,0.0,2,2.0,True
8500000.0,-99.162549,19.419525600000004,6.0,152.0,3.0,6.0,1,3.0,False
6195000.0,-99.1649891,19.405299,7.0,193.0,3.0,0.0,1,3.0,True
6042960.0,-99.1596531,19.4119026,2.0,97.0,2.0,4.0,2,2.0,False
5550000.0,-99.1649891,19.405299,7.0,111.0,2.0,0.0,1,2.0,True
5350000.0,-99.16914129999999,19.4301322,7.0,104.0,2.0,0.0,1,2.0,True
4495000.0,-99.162549,19.419525600000004,7.0,86.0,2.0,0.0,1,3.0,True
4495000.0,-99.162549,19.419525600000004,7.0,86.0,2.0,0.0,1,3.0,True
4495000.0,-99.162549,19.419525600000004,7.0,86.0,2.0,0.0,1,3.0,True
12900000.0,-99.162549,19.419525600000004,7.0,284.0,3.0,0.0,2,3.0,True
3595000.0,-99.162549,19.419525600000004,7.0,60.0,1.0,0.0,1,1.0,True
3395000.0,-99.1560364,19.4196927,7.0,60.0,1.0,0.0,1,1.0,True
3780000.0,-99.162549,19.419525600000004,7.0,57.0,1.0,0.0,1,1.0,True
5550000.0,-99.1649891,19.405299,7.0,111.0,2.0,0.0,1,2.0,True
4500000.0,-99.1637564,19.4057258,3.0,78.0,2.0,4.0,2,2.0,False
5393000.0,-99.162549,19.419525600000004,7.0,81.0,2.0,0.0,1,2.0,True
2595000.0,-99.162549,19.419525600000004,7.0,42.0,1.0,0.0,1,1.0,True
2862381.0,-99.1649891,19.405299,7.0,48.0,1.0,0.0,1,1.0,True
4495000.0,-99.162549,19.419525600000004,7.0,90.0,2.0,0.0,2,3.0,True
7040000.0,-99.1649891,19.405299,7.0,107.0,3.0,0.0,2,2.0,True
4455000.0,-99.162549,19.419525600000004,7.0,71.0,2.0,0.0,1,2.0,True
7040000.0,-99.1649891,19.405299,7.0,107.0,3.0,0.0,2,2.0,True
9935982.0,-99.1610013,19.4137406,7.0,163.0,2.0,0.0,2,2.0,True
3615979.0,-99.14951070000001,19.4356338,7.0,44.0,1.0,0.0,1,1.0,True
3615970.0,-99.14951070000001,19.4356338,7.0,44.0,1.0,0.0,1,1.0,True
4186666.0,-99.1649891,19.405299,6.0,78.0,2.0,4.0,1,2.0,False
2980000.0,-99.1653105,19.4161012,7.0,39.0,1.0,0.0,1,1.0,True
2980000.0,-99.1653105,19.4160872,7.0,39.0,1.0,0.0,1,1.0,True
2980000.0,-99.162549,19.419525600000004,7.0,39.0,1.0,0.0,1,1.0,True
4250000.0,-99.162549,19.419525600000004,7.0,67.0,2.0,0.0,1,1.0,True
3595000.0,-99.162549,19.419525600000004,7.0,60.0,1.0,0.0,1,1.0,True
2980000.0,-99.14951070000001,19.4356338,7.0,39.0,1.0,0.0,1,1.0,True
3395000.0,-99.162549,19.419525600000004,7.0,60.0,1.0,0.0,1,1.0,True
7962400.0,-99.162549,19.419525600000004,7.0,110.0,2.0,0.0,1,2.0,True
4495000.0,-99.1596792,19.4158401,7.0,90.0,2.0,0.0,2,3.0,True
3950000.0,-99.162549,19.419525600000004,7.0,57.0,1.0,0.0,1,1.0,True
4430000.0,-99.16525340000001,19.4229547,7.0,61.0,2.0,0.0,1,2.0,True
4913500.0,-99.16525340000001,19.4229547,7.0,86.0,2.0,0.0,1,2.0,True
2980000.0,-99.162549,19.419525600000004,7.0,39.0,1.0,0.0,1,1.0,True
8400000.0,-99.162549,19.419525600000004,7.0,122.0,3.0,0.0,1,2.0,True
8400000.0,-99.162549,19.419525600000004,7.0,122.0,3.0,0.0,1,2.0,True
4430000.0,-99.162549,19.419525600000004,7.0,61.0,1.0,0.0,1,1.0,True
4455000.0,-99.162549,19.419525600000004,7.0,71.0,2.0,0.0,1,2.0,True
3217500.0,-99.162549,19.419525600000004,4.0,39.0,1.0,2.0,1,1.0,False
3155000.0,-99.162549,19.419525600000004,4.0,38.0,1.0,2.0,1,1.0,False
6426000.0,-99.1649891,19.405299,7.0,111.0,2.0,0.0,2,3.0,True
5145000.0,-99.162549,19.419525600000004,7.0,91.0,2.0,0.0,1,2.0,True
3750000.0,-99.162549,19.419525600000004,7.0,57.0,1.0,0.0,1,1.0,True
4278000.0,-99.162549,19.419525600000004,7.0,67.0,2.0,0.0,1,1.0,True
4390000.0,-99.162549,19.419525600000004,7.0,71.0,2.0,0.0,1,2.0,True
4780000.0,-99.162549,19.419525600000004,7.0,74.0,2.0,0.0,1,1.0,True
7550000.0,-99.1649891,19.405299,7.0,120.0,3.0,0.0,2,2.0,True
2980000.0,-99.162549,19.419525600000004,7.0,39.0,1.0,0.0,1,1.0,True
3848548.0,-99.162549,19.419525600000004,7.0,37.0,1.0,0.0,1,1.0,True
4826900.0,-99.1584569,19.418160500000003,7.0,78.0,2.0,0.0,1,2.0,True
4826900.0,-99.1584569,19.418160500000003,7.0,78.0,2.0,0.0,1,2.0,True
4229827.0,-99.1649891,19.405299,7.0,74.0,2.0,0.0,1,2.0,True
4483800.0,-99.162549,19.419525600000004,7.0,78.0,1.0,0.0,1,2.0,True
3615970.0,-99.14951070000001,19.4356338,7.0,45.0,1.0,0.0,1,1.0,True
2980000.0,-99.162549,19.419525600000004,7.0,39.0,1.0,0.0,1,1.0,True
4250000.0,-99.162549,19.419525600000004,7.0,67.0,2.0,0.0,1,1.0,True
4335000.0,-99.162549,19.419525600000004,7.0,69.0,2.0,0.0,1,1.0,True
3725000.0,-99.162549,19.419525600000004,7.0,57.0,1.0,0.0,1,1.0,True
4330000.0,-99.162549,19.419525600000004,7.0,65.0,2.0,0.0,1,2.0,True
5145000.0,-99.1649891,19.405299,7.0,91.0,2.0,0.0,1,2.0,True
5795000.0,-99.1425459,19.394141100000002,7.0,122.0,2.0,0.0,2,3.0,True
9151840.0,-99.162549,19.419525600000004,7.0,173.0,3.0,0.0,2,2.0,True
3370000.0,-99.162549,19.419525600000004,7.0,43.0,1.0,0.0,1,1.0,True
4454120.0,-99.162549,19.419525600000004,3.0,63.0,2.0,0.0,1,1.0,False
14700000.0,-99.1596792,19.4158401,7.0,284.0,3.0,0.0,1,3.0,True
6084392.0,-99.14951070000001,19.4356338,5.0,145.0,2.0,0.0,1,2.0,True
2942543.0,-99.170374,19.4021495,3.0,111.0,2.0,0.0,1,3.0,False
6853000.0,-99.15772679999999,19.4124955,4.0,132.0,2.0,4.0,1,2.0,False
6084392.0,-99.14951070000001,19.4356338,5.0,145.0,2.0,0.0,1,2.0,True
4100000.0,-99.1649891,19.405299,7.0,78.0,2.0,0.0,1,2.0,True
14700000.0,-99.1596792,19.4158401,7.0,284.0,3.0,0.0,2,3.0,True
2327000.0,-99.1675301,19.407944,3.0,96.0,2.0,0.0,1,3.0,False
4290000.0,-99.15772679999999,19.4124955,4.0,59.0,1.0,3.0,1,2.0,False
4312000.0,-99.15772679999999,19.4124955,4.0,64.0,2.0,4.0,1,2.0,False
3269750.0,-99.15772679999999,19.4124955,4.0,41.0,1.0,2.0,1,1.0,False
3429250.0,-99.15772679999999,19.4124955,4.0,43.0,1.0,2.0,1,1.0,False
6600000.0,-99.15772679999999,19.4124955,4.0,126.0,2.0,4.0,1,2.0,False
4202000.0,-99.15772679999999,19.4124955,4.0,63.0,2.0,4.0,1,2.0,False
4631000.0,-99.15772679999999,19.4124955,4.0,76.0,1.0,3.0,1,2.0,False
3840000.0,-99.15772679999999,19.4124955,4.0,51.0,1.0,2.0,1,1.0,False
4279000.0,-99.15772679999999,19.4124955,4.0,62.0,2.0,4.0,1,2.0,False
9401000.0,-99.162549,19.419525600000004,6.0,157.0,3.0,7.0,2,3.0,False
4100000.0,-99.1649891,19.405299,7.0,78.0,2.0,0.0,1,2.0,True
3640000.0,-99.162549,19.419525600000004,7.0,57.0,1.0,0.0,1,1.0,True
3370000.0,-99.162549,19.419525600000004,7.0,43.0,1.0,0.0,1,1.0,True
4229827.0,-99.1649891,19.405299,7.0,74.0,2.0,0.0,2,2.0,True
5006474.0,-99.1612825,19.4126449,7.0,82.0,2.0,0.0,2,2.0,True
3370000.0,-99.162549,19.419525600000004,7.0,43.0,1.0,0.0,1,1.0,True
9859115.0,-99.1649891,19.405299,7.0,141.0,2.0,4.0,1,2.0,False
4229827.0,-99.1600444,19.4076742,7.0,74.0,2.0,0.0,2,2.0,True
4100000.0,-99.1649891,19.405299,6.0,67.0,2.0,4.0,1,2.0,False
5145000.0,-99.1649891,19.405299,7.0,91.0,2.0,0.0,1,2.0,True
2980000.0,-99.1636483,19.421867499999998,7.0,39.0,1.0,0.0,1,1.0,True
5950000.0,-99.157579,19.4247667,7.0,91.0,2.0,0.0,1,2.0,True
8250000.0,-99.14951070000001,19.4356338,7.0,167.0,2.0,0.0,1,2.0,True
10249470.0,-99.14951070000001,19.4356338,7.0,162.0,2.0,0.0,2,3.0,True
6990000.0,-99.1638207,19.4063936,4.0,140.0,2.0,4.0,2,2.0,False
4997000.0,-99.1649891,19.405299,7.0,70.0,2.0,4.0,1,2.0,False
8584000.0,-99.1615075,19.4130477,7.0,144.0,2.0,0.0,2,2.0,True
9990000.0,-99.1638207,19.4063936,4.0,286.0,2.0,5.0,2,3.0,False
5950000.0,-99.14951070000001,19.4356338,5.0,90.0,2.0,0.0,1,2.0,True
4747034.0,-99.1649891,19.405299,6.0,77.0,2.0,4.0,2,2.0,False
6909413.0,-99.1680476,19.4029252,1.0,111.0,2.0,5.0,2,3.0,False
8500000.0,-99.1684745,19.410757999999998,365.0,160.0,2.0,5.0,1,3.0,False
8000000.0,-99.1624745,19.416757999999998,365.0,150.0,2.0,5.0,1,3.0,False
6137930.0,-99.1824032,19.4020693,210.0,134.0,2.0,4.0,1,2.0,False
8500000.0,-99.1654745,19.413757999999998,60.0,160.0,2.0,5.0,1,3.0,False
8000000.0,-99.1654745,19.413757999999998,60.0,150.0,2.0,5.0,1,3.0,False
4695000.0,-99.178499,19.420787,180.0,85.0,2.0,4.0,1,2.0,False
4570000.0,-99.1561012,19.4067443,60.0,95.0,2.0,0.0,1,2.0,False
6288450.0,-99.1824457,19.402055800000003,50.0,94.0,2.0,4.0,1,2.0,False
7040000.0,-99.1609595,19.4100208,18.0,122.0,2.0,6.0,1,3.0,False
4527000.0,-99.14581,19.441631,60.0,73.0,2.0,4.0,1,2.0,False
4827000.0,-99.1843968,19.400076000000002,60.0,77.0,2.0,4.0,1,2.0,False
4450000.0,-99.1572585,19.4124914,35.0,76.0,1.0,3.0,1,2.0,False
14148523.0,-99.16147729999999,19.4130341,270.0,193.0,3.0,0.0,2,3.0,False
13333718.0,-99.16147729999999,19.4130341,270.0,91.0,2.0,0.0,2,2.0,False
7140000.0,-99.16806,19.402928399999997,90.0,111.0,2.0,5.0,2,3.0,False
10900000.0,-99.16814129999999,19.431132199999997,330.0,172.0,5.0,8.0,2,3.0,False
8400000.0,-99.162549,19.419525600000004,365.0,140.0,2.0,5.0,3,2.0,False
6000000.0,-99.1690601,19.401928299999998,150.0,113.0,2.0,5.0,2,3.0,False
5500000.0,-99.1642866,19.4120249,365.0,77.0,2.0,4.0,1,2.0,False
6900000.0,-99.1696874,19.4202853,330.0,158.0,2.0,3.0,2,1.0,False
12700000.0,-99.1286416,19.444624100000002,90.0,284.0,3.0,7.0,2,3.0,False
3489158.0,-99.1716012,19.4172482,270.0,36.0,1.0,2.0,1,1.0,False
11317200.0,-99.16620259999999,19.405256299999998,60.0,190.0,2.0,5.0,1,2.0,False
7568500.0,-99.1618723,19.4078138,17.0,151.0,2.0,6.0,2,3.0,False
6250000.0,-99.16663709999999,19.4155297,300.0,107.0,2.0,4.0,1,2.0,False
6890000.0,-99.16608719999999,19.404951800000003,330.0,113.0,2.0,5.0,2,3.0,False
6990000.0,-99.1564692,19.4222565,270.0,161.0,3.0,5.0,2,2.0,False
4157000.0,-99.1649891,19.405299,365.0,84.0,2.0,5.0,1,3.0,False
11670000.0,-99.1596792,19.4158401,240.0,201.0,2.0,5.0,2,3.0,False
6995000.0,-99.1588,19.4189,120.0,121.0,1.0,0.0,1,2.0,False
9995000.0,-99.16501070000001,19.4031573,270.0,218.0,2.0,5.0,2,2.0,False
6900000.0,-99.1695894,19.4202448,365.0,160.0,2.0,4.0,2,2.0,False
8800000.0,-99.1461,19.4451,46.0,146.0,3.0,5.0,1,2.0,False
9950000.0,-99.16501070000001,19.4031573,270.0,220.0,2.0,5.0,2,2.0,False
5093660.0,-99.16178790000001,19.408933899999997,35.0,78.0,2.0,4.0,1,2.0,True
6836397.0,-99.16178790000001,19.408933899999997,35.0,114.0,2.0,4.0,1,2.0,True
5073260.0,-99.16178790000001,19.408933899999997,35.0,78.0,2.0,4.0,1,2.0,True
9000000.0,-99.1642694,19.4202688,46.0,192.0,3.0,5.0,2,2.0,False
4935667.0,-99.16178790000001,19.408933899999997,35.0,75.0,2.0,4.0,1,2.0,True
8850000.0,-99.1572585,19.4124914,35.0,127.0,2.0,5.0,2,2.0,False
6501913.0,-99.16178790000001,19.408933899999997,35.0,107.0,2.0,4.0,1,2.0,True
4332353.0,-99.16178790000001,19.408933899999997,35.0,67.0,2.0,4.0,1,2.0,True
4352753.0,-99.16178790000001,19.408933899999997,35.0,67.0,2.0,4.0,1,2.0,True
4894867.0,-99.16178790000001,19.408933899999997,35.0,75.0,2.0,4.0,1,2.0,True
4061000.0,-99.1681,19.401320000000002,39.0,84.0,2.0,0.0,1,3.0,False
6100000.0,-99.1564692,19.4222565,270.0,180.0,3.0,5.0,2,2.0,False
4617866.0,-99.16178790000001,19.408933899999997,35.0,77.0,2.0,4.0,1,2.0,True
4272137.0,-99.16178790000001,19.408933899999997,35.0,65.0,2.0,4.0,1,2.0,True
4393553.0,-99.16178790000001,19.408933899999997,35.0,67.0,2.0,4.0,1,2.0,True
4251737.0,-99.16178790000001,19.408933899999997,35.0,65.0,2.0,4.0,1,2.0,True
4570000.0,-99.1628061,19.405824300000003,39.0,95.2,2.0,0.0,1,2.0,False
4915267.0,-99.16178790000001,19.408933899999997,35.0,75.0,2.0,4.0,1,2.0,True
4494244.0,-99.1610013,19.4137406,25.0,53.0,1.0,2.0,1,1.0,False
8500000.0,-99.1654703,19.413676000000002,21.0,152.0,3.0,6.0,1,3.0,True
3750000.0,-99.16194,19.418227899999998,26.0,87.0,2.0,5.0,1,3.0,False
4492244.0,-99.16520140000002,19.418153,39.0,53.02,1.0,0.0,1,1.0,False
11248826.0,-99.1610013,19.4137406,25.0,129.0,3.0,6.0,2,3.0,False
7651263.0,-99.1662218,19.4046152,35.0,141.0,2.0,5.0,2,2.0,True
4995000.0,-99.16525340000001,19.4229547,180.0,85.0,2.0,0.0,1,2.0,False
5700000.0,-99.17106009999999,19.3999283,150.0,104.0,2.0,4.0,2,2.0,False
7463773.0,-99.1610013,19.4137406,25.0,102.0,2.0,4.0,1,2.0,False
8521860.0,-99.16431870000001,19.409084699999998,365.0,107.0,2.0,4.0,1,2.0,False
6795000.0,-99.16158320000001,19.412940300000002,330.0,116.0,1.0,2.0,1,1.0,False
3250000.0,-99.1619184,19.423454100000004,44.0,70.0,1.0,2.0,1,1.0,False
8952615.0,-99.1662218,19.4046152,35.0,244.0,2.0,5.0,2,2.0,True
8850000.0,-99.1662218,19.4046152,35.0,228.0,2.0,5.0,2,2.0,True
4441570.0,-99.1651635,19.4109247,56.0,74.0,2.0,0.0,1,2.0,False
7299250.0,-99.1651635,19.4109247,56.0,89.0,2.0,0.0,1,2.0,False
7550000.0,-99.1662218,19.4046152,270.0,120.24,2.0,0.0,2,2.0,False
839652.0,-99.15833149999999,19.424552,33.0,80.0,2.0,0.0,1,2.0,False
8026715.0,-99.1610013,19.4137406,25.0,102.0,2.0,4.0,2,2.0,False
4419100.0,-99.1651635,19.4109247,56.0,74.0,2.0,0.0,1,2.0,False
6111850.0,-99.1651722,19.4109231,35.0,150.0,2.0,4.0,1,2.0,True
10833000.0,-99.15821679999999,19.4153499,90.0,129.0,2.0,0.0,2,3.0,False
9670000.0,-99.1690601,19.401928299999998,365.0,149.0,2.0,5.0,2,3.0,False
6790000.0,-99.17106009999999,19.3999283,365.0,112.0,2.0,5.0,2,3.0,False
5700000.0,-99.1649891,19.405299,365.0,90.0,2.0,4.0,2,2.0,False
7752143.0,-99.1662218,19.4046152,35.0,134.0,2.0,5.0,2,2.0,True
7126687.0,-99.1662218,19.4046152,35.0,126.0,2.0,5.0,2,2.0,True
7449503.0,-99.1662218,19.4046152,35.0,130.0,2.0,5.0,2,2.0,True
7348623.0,-99.1662218,19.4046152,35.0,136.0,2.0,5.0,2,2.0,True
7282720.0,-99.1651635,19.4109247,56.0,88.0,2.0,0.0,1,2.0,False
4992850.0,-99.1651635,19.4109247,56.0,76.0,2.0,0.0,1,2.0,False
5956650.0,-99.1651635,19.4109247,56.0,86.0,2.0,0.0,1,2.0,False
6958000.0,-99.1628061,19.405824300000003,39.0,128.0,3.0,0.0,2,3.0,False
13170500.0,-99.16197159999999,19.415384799999998,45.0,112.0,2.0,5.0,2,2.0,False
4377600.0,-99.15821679999999,19.4153499,90.0,57.0,1.0,0.0,1,1.0,False
6030150.0,-99.1651635,19.4109247,56.0,93.0,2.0,0.0,1,2.0,False
5924650.0,-99.1651635,19.4109247,56.0,92.0,2.0,0.0,1,2.0,False
5937050.0,-99.1651635,19.4109247,56.0,93.0,2.0,0.0,1,2.0,False
6767250.0,-99.1651635,19.4109247,56.0,93.0,2.0,0.0,1,2.0,False
4655643.0,-99.1651635,19.4109247,56.0,78.0,2.0,0.0,1,2.0,False
4916300.0,-99.1651635,19.4109247,56.0,76.0,2.0,0.0,1,2.0,False
5704875.0,-99.1651635,19.4109247,56.0,76.0,2.0,0.0,1,2.0,False
9119400.0,-99.1651635,19.4109247,56.0,99.0,2.0,0.0,1,2.0,False
5843950.0,-99.1651635,19.4109247,56.0,93.0,2.0,0.0,1,2.0,False
5750850.0,-99.1651635,19.4109247,56.0,93.0,2.0,0.0,1,2.0,False
6017550.0,-99.1651635,19.4109247,56.0,92.0,2.0,0.0,1,2.0,False
5831750.0,-99.1651635,19.4109247,56.0,92.0,2.0,0.0,1,2.0,False
6747750.0,-99.1651635,19.4109247,56.0,92.0,2.0,0.0,1,2.0,False
6915220.0,-99.1651635,19.4109247,56.0,89.0,2.0,0.0,1,2.0,False
7574580.0,-99.1651635,19.4109247,56.0,89.0,2.0,0.0,1,2.0,False
6969200.0,-99.1651635,19.4109247,56.0,84.0,2.0,0.0,1,2.0,False
4612462.0,-99.1651635,19.4109247,56.0,78.0,2.0,0.0,1,2.0,False
4632090.0,-99.1651635,19.4109247,56.0,78.0,2.0,0.0,1,2.0,False
4592835.0,-99.1651635,19.4109247,56.0,78.0,2.0,0.0,1,2.0,False
5041460.0,-99.1651635,19.4109247,56.0,78.0,2.0,0.0,1,2.0,False
4710600.0,-99.1651635,19.4109247,56.0,78.0,2.0,0.0,1,2.0,False
5222500.0,-99.1651635,19.4109247,56.0,76.0,2.0,0.0,1,2.0,False
5069400.0,-99.1651635,19.4109247,56.0,76.0,2.0,0.0,1,2.0,False
5324960.0,-99.1651635,19.4109247,56.0,78.0,2.0,0.0,1,2.0,False
4985050.0,-99.1651635,19.4109247,56.0,76.0,2.0,0.0,1,2.0,False
4908500.0,-99.1651635,19.4109247,56.0,76.0,2.0,0.0,1,2.0,False
4700054.0,-99.1651635,19.4109247,56.0,76.0,2.0,0.0,1,2.0,False
4831950.0,-99.1651635,19.4109247,56.0,76.0,2.0,0.0,1,2.0,False
4755400.0,-99.1651635,19.4109247,56.0,76.0,2.0,0.0,1,2.0,False
9025380.0,-99.1651635,19.4109247,56.0,103.0,2.0,0.0,1,2.0,False
4839750.0,-99.1651635,19.4109247,56.0,76.0,2.0,0.0,1,2.0,False
8982870.0,-99.1651635,19.4109247,56.0,103.0,2.0,0.0,1,2.0,False
6303500.0,-99.1651635,19.4109247,56.0,86.0,2.0,0.0,1,2.0,False
6216700.0,-99.1651635,19.4109247,56.0,86.0,2.0,0.0,1,2.0,False
6238400.0,-99.1651635,19.4109247,56.0,86.0,2.0,0.0,1,2.0,False
6173300.0,-99.1651635,19.4109247,56.0,86.0,2.0,0.0,1,2.0,False
11050000.0,-99.1660064,19.4052016,120.0,293.0,2.0,6.0,2,3.0,False
4643350.0,-99.1651722,19.4109231,21.0,83.0,2.0,4.0,1,2.0,True
4900000.0,-99.1639891,19.406299,180.0,105.0,2.0,5.0,1,3.0,False
7040000.0,-99.162138,19.409823100000004,27.0,142.0,2.0,6.0,1,3.0,False
4441570.0,-99.1651722,19.4109231,35.0,74.0,2.0,4.0,1,2.0,True
5751680.0,-99.1651722,19.4109231,35.0,97.0,2.0,4.0,2,2.0,True
4676520.0,-99.1651722,19.4109231,35.0,81.0,2.0,4.0,1,2.0,True
3500000.0,-99.16520140000002,19.418153,39.0,88.0,1.0,0.0,1,2.0,False
5150000.0,-99.1572693,19.4128016,730.0,96.5,2.0,0.0,1,2.0,False
10030000.0,-99.1710872,19.3999518,365.0,159.0,2.0,5.0,2,3.0,False
11720768.0,-99.16147729999999,19.4130341,270.0,100.0,2.0,0.0,2,2.0,False
13868600.0,-99.15821679999999,19.4153499,90.0,164.0,3.0,0.0,3,3.0,False
5463500.0,-99.15821679999999,19.4153499,90.0,77.0,2.0,0.0,1,2.0,False
4100000.0,-99.156675,19.4043152,150.0,99.0,2.0,4.0,1,2.0,False
9591000.0,-99.15821679999999,19.4153499,90.0,107.0,2.0,0.0,2,2.0,False
10600000.0,-99.166438,19.4182766,90.0,160.0,2.0,4.0,2,2.0,False
6037000.0,-99.1649891,19.405299,365.0,92.0,2.0,4.0,2,2.0,False
8550000.0,-99.16158320000001,19.412940300000002,330.0,114.0,2.0,4.0,1,2.0,False
6500000.0,-99.15877490000001,19.4203566,20.0,140.0,2.0,6.0,1,3.0,False
22330000.0,-99.1575732,19.409584600000002,300.0,154.0,2.0,0.0,2,3.0,False
4676520.0,-99.1651722,19.4109231,35.0,81.0,2.0,4.0,1,2.0,True
4829620.0,-99.1651722,19.4109231,35.0,81.0,2.0,4.0,1,2.0,True
4419100.0,-99.1651722,19.4109231,35.0,74.0,2.0,4.0,1,2.0,True
4419100.0,-99.1651722,19.4109231,35.0,74.0,2.0,4.0,1,2.0,True
5135820.0,-99.1651722,19.4109231,35.0,81.0,2.0,4.0,1,2.0,True
5999560.0,-99.1651722,19.4109231,35.0,97.0,2.0,4.0,2,2.0,True
4753070.0,-99.1651722,19.4109231,35.0,81.0,2.0,4.0,1,2.0,True
5222500.0,-99.1651722,19.4109231,35.0,83.0,2.0,4.0,1,2.0,True
4949550.0,-99.1651722,19.4109231,35.0,83.0,2.0,4.0,1,2.0,True
5064690.0,-99.1651722,19.4109231,35.0,93.0,2.0,4.0,1,2.0,True
6360510.0,-99.1651722,19.4109231,35.0,131.0,2.0,4.0,1,2.0,True
6042960.0,-99.1651722,19.4109231,35.0,97.0,2.0,4.0,2,2.0,True
10600000.0,-99.15964749999999,19.4168211,46.0,161.0,2.0,5.0,2,3.0,False
6290450.0,-99.1651722,19.4109231,35.0,119.0,2.0,4.0,1,2.0,True
5856980.0,-99.1651722,19.4109231,35.0,97.0,2.0,4.0,1,2.0,True
6229380.0,-99.1651722,19.4109231,35.0,97.0,2.0,4.0,1,2.0,True
6042960.0,-99.1651722,19.4109231,35.0,97.0,2.0,4.0,1,2.0,True
4829620.0,-99.1651722,19.4109231,35.0,81.0,2.0,4.0,1,2.0,True
4632090.0,-99.1651722,19.4109231,35.0,78.0,2.0,4.0,1,2.0,True
4612462.0,-99.1651722,19.4109231,35.0,78.0,2.0,4.0,1,2.0,True
5845980.0,-99.1651722,19.4109231,35.0,93.0,2.0,4.0,1,2.0,True
4710600.0,-99.1651722,19.4109231,35.0,78.0,2.0,4.0,1,2.0,True
6129760.0,-99.1651722,19.4109231,35.0,97.0,2.0,4.0,1,2.0,True
5999560.0,-99.1651722,19.4109231,35.0,97.0,2.0,4.0,2,2.0,True
4655643.0,-99.1651722,19.4109231,35.0,78.0,2.0,4.0,1,2.0,True
6306550.0,-99.1651722,19.4109231,35.0,120.0,2.0,4.0,1,2.0,True
6064660.0,-99.1651722,19.4109231,35.0,97.0,2.0,4.0,1,2.0,True
6129760.0,-99.1651722,19.4109231,35.0,97.0,2.0,4.0,2,2.0,True
5763880.0,-99.1651722,19.4109231,35.0,97.0,2.0,4.0,1,2.0,True
4719900.0,-99.1651722,19.4109231,35.0,83.0,2.0,4.0,1,2.0,True
5844580.0,-99.1651722,19.4109231,35.0,97.0,2.0,4.0,2,2.0,True
5751680.0,-99.1651722,19.4109231,35.0,97.0,2.0,4.0,1,2.0,True
8000000.0,-99.16497829999999,19.403791899999998,21.0,114.0,2.0,4.0,2,2.0,False
9500000.0,-99.169478,19.406804,46.0,176.0,3.0,5.0,1,2.0,False
4829620.0,-99.1651722,19.4109231,35.0,81.0,2.0,4.0,1,2.0,True
4918890.0,-99.1651722,19.4109231,35.0,85.0,2.0,4.0,1,2.0,True
4753070.0,-99.1651722,19.4109231,35.0,81.0,2.0,4.0,1,2.0,True
4796450.0,-99.1651722,19.4109231,35.0,83.0,2.0,4.0,1,2.0,True
4753070.0,-99.1651722,19.4109231,35.0,81.0,2.0,4.0,1,2.0,True
4676520.0,-99.1651722,19.4109231,35.0,81.0,2.0,4.0,1,2.0,True
4829620.0,-99.1651722,19.4109231,35.0,81.0,2.0,4.0,1,2.0,True
6216180.0,-99.1651722,19.4109231,35.0,97.0,2.0,4.0,2,2.0,True
4655643.0,-99.1651722,19.4109231,35.0,78.0,2.0,4.0,1,2.0,True
6380520.0,-99.1651722,19.4109231,35.0,157.0,2.0,4.0,1,2.0,True
5135820.0,-99.1651722,19.4109231,35.0,81.0,2.0,4.0,1,2.0,True
4906170.0,-99.1651722,19.4109231,35.0,81.0,2.0,4.0,1,2.0,True
5845980.0,-99.1651722,19.4109231,35.0,93.0,2.0,4.0,1,2.0,True
8026360.0,-99.1651722,19.4109231,35.0,183.0,2.0,4.0,1,2.0,True
9859115.0,-99.1652066,19.408793300000003,31.0,151.0,2.0,0.0,1,2.0,False
4206000.0,-99.1554569,19.421160500000003,120.0,62.0,1.0,3.0,1,1.0,False
4623086.0,-99.160909,19.413879,210.0,60.0,1.0,2.0,1,1.0,False
6650000.0,-99.1649891,19.405299,365.0,91.0,2.0,4.0,2,2.0,False
14040000.0,-99.16520140000002,19.418153,39.0,270.0,2.0,0.0,2,3.0,False
5670780.0,-99.1651722,19.4109231,35.0,97.0,2.0,4.0,1,2.0,True
9080660.0,-99.16031329999998,19.4148155,46.0,145.0,2.0,6.0,1,3.0,False
6300000.0,-99.1649891,19.405299,365.0,92.0,2.0,4.0,2,2.0,False
7883287.0,-99.1662218,19.4046152,240.0,120.0,2.0,0.0,2,2.0,False
1758320.0,-99.1629528,19.4113464,60.0,100.0,3.0,0.0,1,3.0,False
5350000.0,-99.169478,19.406804,46.0,105.0,2.0,4.0,1,2.0,False
2690000.0,-99.1628061,19.405824300000003,39.0,67.0,1.0,0.0,1,2.0,False
8093500.0,-99.1618723,19.4078138,17.0,162.0,2.0,6.0,2,3.0,False
8952615.0,-99.1662218,19.4046152,240.0,106.0,2.0,0.0,2,2.0,False
7650000.0,-99.1662218,19.4046152,90.0,120.0,2.0,4.0,2,2.0,False
7030000.0,-99.1662218,19.4046152,270.0,120.55,2.0,0.0,2,2.0,False
4700000.0,-99.162138,19.409823100000004,27.0,86.0,2.0,4.0,1,2.0,False
7651263.0,-99.1662218,19.4046152,240.0,120.0,2.0,0.0,2,2.0,False
6580413.0,-99.1680476,19.4029252,365.0,111.0,2.0,4.0,2,2.0,False
3912000.0,-99.16354140000001,19.4210293,60.0,54.0,1.0,2.0,1,1.0,False
6790000.0,-99.1647868,19.4054829,90.0,111.0,2.0,5.0,2,3.0,False
3147772.0,-99.1572693,19.4128016,90.0,50.0,1.0,2.0,1,1.0,False
6890000.0,-99.1700872,19.4009518,365.0,112.0,2.0,5.0,2,3.0,False
5845980.0,-99.16520140000002,19.418153,8.0,86.8,2.0,0.0,2,2.0,False
7700000.0,-99.16497829999999,19.403791899999998,21.0,154.0,2.0,3.0,2,1.0,False
10050000.0,-99.15964749999999,19.4168211,46.0,193.0,3.0,7.0,2,3.0,False
3516884.0,-99.1627869,19.422242800000003,120.0,39.0,1.0,3.0,1,1.0,False
9550000.0,-99.1596792,19.4158401,240.0,161.0,2.0,4.0,2,2.0,False
8706563.0,-99.14881,19.438631,90.0,150.0,3.0,6.0,2,3.0,False
4340240.0,-99.16431870000001,19.409084699999998,365.0,64.0,1.0,3.0,1,2.0,False
4850000.0,-99.1572585,19.4124914,35.0,82.0,2.0,4.0,1,2.0,False
13500000.0,-99.1615919,19.4155552,31.0,270.0,2.0,0.0,2,3.0,False
11500000.0,-99.1587768,19.421398999999997,300.0,166.0,2.0,0.0,2,2.0,False
5570000.0,-99.1703275,19.4171424,150.0,65.0,1.0,2.0,1,1.0,False
8700000.0,-99.1662218,19.4046152,90.0,121.0,2.0,6.0,2,3.0,False
11100000.0,-99.1596792,19.4158401,240.0,194.0,2.0,5.0,2,3.0,False
4720000.0,-99.1561012,19.4067443,90.0,89.0,2.0,4.0,1,2.0,False
4061005.0,-99.1628061,19.405824300000003,39.0,91.0,2.0,0.0,1,2.0,False
8521860.0,-99.1649891,19.405299,120.0,107.0,2.0,4.0,1,2.0,False
5342425.0,-99.1649891,19.405299,19.0,115.0,2.0,4.0,1,2.0,False
4120000.0,-99.17022259999999,19.42064,35.0,40.0,1.0,2.0,1,1.0,True
9670000.0,-99.1640113,19.403458999999998,60.0,149.0,2.0,5.0,2,3.0,False
5600000.0,-99.1589,19.4195,45.0,112.0,2.0,0.0,1,3.0,False
10134810.0,-99.1630521,19.415626,31.0,144.0,3.0,0.0,2,3.0,False
4578675.0,-99.1643788,19.4081659,31.0,70.0,1.0,0.0,1,2.0,False
4983878.0,-99.16411459999999,19.405886300000002,35.0,86.0,2.0,4.0,2,2.0,True
8229770.0,-99.16138259999998,19.402913,46.0,164.0,2.0,7.0,2,3.0,False
5700000.0,-99.16497829999999,19.403791899999998,15.0,80.0,1.0,2.0,1,1.0,False
7154848.0,-99.16411459999999,19.405886300000002,35.0,142.0,2.0,4.0,2,2.0,True
5138544.0,-99.16411459999999,19.405886300000002,35.0,87.0,2.0,4.0,2,2.0,True
6790000.0,-99.1647868,19.4054829,60.0,111.0,2.0,5.0,2,3.0,False
5790664.0,-99.16411459999999,19.405886300000002,35.0,98.0,2.0,5.0,2,3.0,True
5190136.0,-99.16411459999999,19.405886300000002,35.0,87.0,2.0,4.0,2,2.0,True
8094465.0,-99.16411459999999,19.405886300000002,35.0,165.0,2.0,4.0,2,2.0,True
9670000.0,-99.1640113,19.403458999999998,90.0,149.0,2.0,5.0,2,3.0,False
7690640.0,-99.170547,19.4206466,150.0,99.0,2.0,5.0,2,2.0,False
5216099.0,-99.16411459999999,19.405886300000002,35.0,86.0,2.0,4.0,2,2.0,True
5761134.0,-99.16411459999999,19.405886300000002,35.0,98.0,2.0,4.0,2,2.0,True
7298901.0,-99.16411459999999,19.405886300000002,35.0,146.0,2.0,4.0,2,2.0,True
5876357.0,-99.16411459999999,19.405886300000002,35.0,98.0,2.0,4.0,2,2.0,True
5093171.0,-99.16411459999999,19.405886300000002,35.0,84.0,2.0,4.0,2,2.0,True
5703523.0,-99.16411459999999,19.405886300000002,35.0,98.0,2.0,4.0,2,2.0,True
5732989.0,-99.16411459999999,19.405886300000002,35.0,98.0,2.0,5.0,2,3.0,True
6900000.0,-99.16520140000002,19.418153,39.0,160.0,2.0,0.0,2,2.0,False
10400000.0,-99.15964749999999,19.4168211,300.0,150.0,3.0,6.0,1,3.0,False
10549350.0,-99.1632172,19.415308800000002,31.0,150.0,3.0,0.0,2,3.0,False
3111913.0,-99.1630212,19.4173906,27.0,33.59,1.0,0.0,1,1.0,False
7800000.0,-99.1628061,19.405824300000003,39.0,140.0,2.0,0.0,2,2.0,False
9859115.0,-99.1649891,19.405299,120.0,141.0,2.0,0.0,1,2.0,False
6900000.0,-99.16520140000002,19.418153,39.0,158.0,2.0,0.0,2,1.0,False
7621205.0,-99.1552628,19.4226693,40.0,122.0,2.0,4.0,2,2.0,False
5675313.0,-99.16411459999999,19.405886300000002,35.0,98.0,2.0,5.0,2,3.0,True
5400000.0,-99.16520140000002,19.418153,39.0,77.0,2.0,0.0,1,2.0,False
8521860.0,-99.1637,19.4088,120.0,128.0,2.0,0.0,1,2.0,False
5299915.0,-99.16411459999999,19.405886300000002,35.0,95.0,2.0,5.0,2,3.0,True
5450689.0,-99.16411459999999,19.405886300000002,35.0,98.0,2.0,4.0,2,2.0,True
5473077.0,-99.16411459999999,19.405886300000002,35.0,98.0,2.0,4.0,2,2.0,True
5503280.0,-99.1649891,19.405299,120.0,81.0,2.0,4.0,1,2.0,False
8000000.0,-99.1573777,19.4245374,11.0,129.0,2.0,5.0,1,2.0,False
7140000.0,-99.15529709999998,19.4053485,31.0,111.0,2.0,0.0,2,3.0,False
9200000.0,-99.16373890000001,19.418489800000003,60.0,117.0,2.0,4.0,1,2.0,False
5006952.0,-99.16411459999999,19.405886300000002,35.0,87.0,2.0,4.0,2,2.0,True
4796482.0,-99.16411459999999,19.405886300000002,35.0,84.0,2.0,4.0,2,2.0,True
5645911.0,-99.16411459999999,19.405886300000002,35.0,98.0,2.0,4.0,2,2.0,True
4994275.0,-99.16411459999999,19.405886300000002,35.0,84.0,2.0,4.0,2,2.0,True
5559961.0,-99.16411459999999,19.405886300000002,35.0,84.0,2.0,5.0,2,3.0,True
4903769.0,-99.16411459999999,19.405886300000002,35.0,87.0,2.0,4.0,2,2.0,True
9935982.0,-99.1610013,19.4137406,11.0,163.0,2.0,0.0,2,2.0,True
3200000.0,-99.1687004,19.4030201,300.0,51.0,1.0,2.0,1,1.0,False
4450000.0,-99.1557557,19.4138909,11.0,75.0,1.0,3.0,1,2.0,False
6873000.0,-99.162549,19.419525600000004,365.0,93.0,2.0,5.0,2,3.0,False
7800000.0,-99.16620259999999,19.405256299999998,365.0,140.0,2.0,4.0,2,2.0,False
6850000.0,-99.16284820000001,19.406396899999997,210.0,98.0,2.0,0.0,2,2.0,False
3425000.0,-99.1682223,19.419863,270.0,42.0,1.0,0.0,1,1.0,False
5300000.0,-99.16363709999999,19.4185297,300.0,95.0,2.0,4.0,1,2.0,False
3950000.0,-99.16318270000001,19.406153,24.0,72.0,2.0,4.0,1,2.0,False
6873000.0,-99.1649891,19.405299,365.0,93.0,2.0,5.0,2,3.0,False
4950000.0,-99.1649891,19.405299,210.0,111.0,2.0,5.0,2,3.0,False
14346500.0,-99.1613324,19.418848800000003,90.0,185.0,2.0,5.0,2,2.0,False
6800000.0,-99.16520140000002,19.4181531,150.0,133.0,2.0,0.0,1,2.0,False
3835325.0,-99.16178790000001,19.408933899999997,90.0,58.0,2.0,4.0,1,2.0,False
6426000.0,-99.16806,19.402928399999997,270.0,104.0,2.0,0.0,2,2.0,False
5900000.0,-99.16148620000001,19.420459100000002,60.0,150.0,2.0,5.0,1,3.0,False
9687900.0,-99.1823889,19.402022100000003,46.0,169.0,3.0,6.0,2,3.0,False
5006952.0,-99.1674956,19.405003100000002,120.0,84.0,2.0,4.0,1,2.0,False
7030000.0,-99.1662218,19.4046152,365.0,127.0,2.0,4.0,2,2.0,False
9500000.0,-99.1649891,19.405299,12.0,176.0,3.0,0.0,1,2.0,True
7096878.0,-99.16411459999999,19.405886300000002,35.0,135.0,2.0,4.0,2,2.0,True
9905250.0,-99.16147729999999,19.4130341,300.0,137.0,2.0,5.0,2,2.0,False
5600000.0,-99.1613324,19.418848800000003,36.0,112.0,2.0,5.0,1,3.0,False
9086780.0,-99.170547,19.4206466,150.0,107.0,2.0,6.0,2,2.0,False
8500000.0,-99.1654703,19.413676000000002,210.0,145.0,3.0,6.0,1,3.0,False
8965800.0,-99.16620259999999,19.405256299999998,54.0,172.0,2.0,5.0,1,2.0,False
6300000.0,-99.162549,19.419525600000004,60.0,85.0,2.0,4.0,2,2.0,False
4650000.0,-99.160909,19.413879,36.0,98.0,2.0,4.0,1,2.0,False
4996100.0,-99.1644733,19.408534500000002,31.0,78.0,2.0,0.0,1,2.0,False
3425000.0,-99.167813,19.417759,120.0,42.0,1.0,0.0,1,1.0,False
8200000.0,-99.1560364,19.4196927,365.0,129.0,2.0,0.0,1,2.0,False
5420077.0,-99.1748189,19.4180125,210.0,58.0,1.0,3.0,1,1.0,False
4050000.0,-99.16239959999999,19.412896,365.0,57.0,2.0,4.0,1,2.0,False
4780000.0,-99.1649891,19.405299,14.0,130.0,2.0,4.0,2,2.0,False
5500000.0,-99.16497829999999,19.4117559,365.0,58.0,1.0,2.0,1,1.0,False
3840000.0,-99.16146429999999,19.4184822,90.0,80.0,2.0,0.0,1,3.0,False
3060008.0,-99.162549,19.419525600000004,210.0,31.0,1.0,2.0,1,1.0,False
840259.0,-99.168802,19.4017853,90.0,157.0,2.0,0.0,2,3.0,False
4190000.0,-99.1560374,19.4055473,60.0,93.0,2.0,5.0,1,3.0,False
4500000.0,-99.160909,19.413879,41.0,60.0,1.0,2.0,1,1.0,False
6195000.0,-99.1649891,19.405299,12.0,193.0,3.0,0.0,1,3.0,True
4200000.0,-99.1576152,19.4296796,90.0,80.0,1.0,0.0,1,2.0,False
920000.0,-99.162688,19.404442,38.0,150.0,2.0,0.0,1,2.0,False
7126687.0,-99.1672218,19.4036152,270.0,106.0,2.0,5.0,1,2.0,False
6870000.0,-99.164989,19.405299,60.0,111.0,2.0,0.0,1,3.0,False
11050000.0,-99.164989,19.405299,60.0,180.0,2.0,0.0,1,3.0,False
7676040.0,-99.1600968,19.4149444,120.0,108.0,2.0,0.0,2,3.0,False
4700000.0,-99.161073,19.410027300000003,90.0,77.0,2.0,0.0,1,2.0,False
2690000.0,-99.15924140000001,19.415844699999997,20.0,88.0,1.0,3.0,1,2.0,False
4595000.0,-99.16520140000002,19.418153,39.0,85.0,2.0,0.0,1,2.0,False
6306550.0,-99.162549,19.419526,60.0,93.0,2.0,0.0,1,2.0,False
6790000.0,-99.164989,19.405299,60.0,112.0,2.0,0.0,1,3.0,False
7650000.0,-99.164989,19.405299,60.0,134.0,3.0,0.0,1,2.0,False
5363485.0,-99.1628061,19.405824300000003,8.0,83.17,2.0,0.0,2,2.0,False
7780000.0,-99.164989,19.405299,60.0,103.0,3.0,0.0,1,2.0,False
10200000.0,-99.164989,19.405299,60.0,163.0,1.0,0.0,1,3.0,False
4595000.0,-99.1652713,19.422946,240.0,93.0,2.0,4.0,1,2.0,False
5500000.0,-99.1605674,19.4127648,365.0,84.0,1.0,3.0,1,2.0,False
4495000.0,-99.1578207,19.4147648,25.0,86.0,2.0,5.0,1,3.0,False
6870000.0,-99.164989,19.405299,60.0,112.0,2.0,0.0,1,3.0,False
9905250.0,-99.164989,19.405299,60.0,137.0,3.0,0.0,1,2.0,False
6451941.0,-99.164989,19.405299,60.0,90.0,3.0,0.0,1,2.0,False
5999560.0,-99.162549,19.419526,60.0,86.0,2.0,0.0,1,2.0,False
6795009.0,-99.164989,19.405299,60.0,95.0,3.0,0.0,1,2.0,False
7250000.0,-99.164989,19.405299,60.0,117.0,3.0,0.0,1,2.0,False
11390000.0,-99.164989,19.405299,60.0,148.0,3.0,0.0,1,2.0,False
9350000.0,-99.15964749999999,19.4168211,240.0,117.0,2.0,4.0,2,2.0,False
9190720.0,-99.1552628,19.4226693,40.0,150.0,2.0,5.0,2,2.0,False
9905250.0,-99.164989,19.405299,60.0,137.0,3.0,0.0,1,2.0,False
9670000.0,-99.164989,19.405299,60.0,149.0,2.0,0.0,1,3.0,False
8854256.0,-99.164989,19.405299,60.0,117.0,4.0,0.0,1,3.0,False
7010000.0,-99.164989,19.405299,60.0,111.0,2.0,0.0,1,3.0,False
13170500.0,-99.164989,19.405299,60.0,108.0,3.0,0.0,1,2.0,False
8584000.0,-99.164989,19.405299,60.0,89.0,3.0,0.0,1,2.0,False
6790000.0,-99.1628061,19.405824300000003,8.0,111.0,2.0,0.0,2,3.0,False
5550000.0,-99.1649891,19.405299,12.0,111.0,2.0,0.0,1,2.0,True
10850000.0,-99.163205,19.4159657,35.0,187.0,3.0,7.0,2,3.0,True
4710600.0,-99.162549,19.419526,60.0,78.0,2.0,0.0,1,2.0,False
6661750.0,-99.162549,19.419526,60.0,76.0,2.0,0.0,1,2.0,False
9694000.0,-99.164989,19.405299,60.0,99.0,3.0,0.0,1,2.0,False
14040000.0,-99.1615919,19.4155552,25.0,270.0,2.0,5.0,2,3.0,False
4369000.0,-99.1641243,19.4084483,300.0,74.0,2.0,4.0,1,2.0,False
8706563.0,-99.1605993,19.4058661,14.0,140.0,3.0,6.0,2,3.0,False
7350000.0,-99.164989,19.405299,60.0,125.0,3.0,0.0,1,2.0,False
6790000.0,-99.164989,19.405299,60.0,112.0,2.0,0.0,1,3.0,False
7550000.0,-99.164989,19.405299,60.0,141.0,2.0,0.0,1,2.0,False
3500000.0,-99.1662218,19.410921899999998,24.0,52.0,1.0,1.0,1,1.0,False
4320000.0,-99.15746970000001,19.4146375,31.0,70.0,1.0,0.0,1,1.0,False
2820000.0,-99.1636,19.421902,55.0,34.0,1.0,0.0,1,1.0,False
8200000.0,-99.1549892,19.414886399999997,59.0,129.0,2.0,5.0,1,2.0,False
3268137.0,-99.16936650000001,19.404722800000002,59.0,51.0,1.0,2.0,1,1.0,False
8000000.0,-99.1575166,19.416230399999996,60.0,127.0,2.0,4.0,2,2.0,False
5580000.0,-99.16900720000001,19.4213841,60.0,71.0,2.0,2.0,2,2.0,False
4369000.0,-99.1611243,19.4114483,60.0,74.0,2.0,4.0,1,2.0,False
4753000.0,-99.16567370000001,19.4105302,150.0,81.0,2.0,4.0,1,2.0,False
5752000.0,-99.1596531,19.4119026,150.0,97.0,2.0,4.0,2,2.0,False
11000000.0,-99.173186,19.411306,240.0,186.0,3.0,0.0,1,3.0,False
17864000.0,-99.1605853,19.4147532,60.0,154.0,2.0,0.0,3,3.0,False
4300000.0,-99.1611243,19.4114483,365.0,90.0,2.0,4.0,1,2.0,False
13500000.0,-99.16493299999999,19.4156597,365.0,220.0,3.0,7.0,2,3.0,False
5140000.0,-99.15528,19.419991699999997,14.0,99.0,2.0,5.0,1,3.0,False
8398000.0,-99.1615919,19.4155552,25.0,161.0,2.0,4.0,2,2.0,False
4496000.0,-99.162549,19.419526,60.0,56.0,1.0,0.0,1,1.0,False
4198000.0,-99.164989,19.405299,60.0,7210.0,2.0,0.0,1,2.0,False
5625000.0,-99.16900720000001,19.4213841,60.0,71.0,2.0,2.0,2,2.0,False
7390000.0,-99.16900720000001,19.4213841,60.0,104.0,2.0,2.0,2,2.0,False
13800000.0,-99.16900720000001,19.4213841,60.0,123.0,3.0,3.0,2,3.0,False
4340240.0,-99.1637,19.4088,120.0,66.0,1.0,0.0,1,2.0,False
3590000.0,-99.168873,19.402881100000002,21.0,53.0,1.0,3.0,1,2.0,True
8706563.0,-99.1628061,19.405824300000003,39.0,140.0,3.0,0.0,2,3.0,False
12400000.0,-99.16900720000001,19.4213841,60.0,108.0,2.0,3.0,2,3.0,False
4340240.0,-99.1649891,19.405299,120.0,66.0,1.0,3.0,1,2.0,False
6580413.0,-99.1680476,19.4029252,90.0,99.0,2.0,0.0,1,2.0,False
4296668.0,-99.1610013,19.4137406,11.0,60.0,1.0,0.0,1,1.0,True
3615970.0,-99.14951070000001,19.4356338,11.0,44.0,1.0,0.0,1,1.0,True
3270000.0,-99.1687442,19.4030025,21.0,51.0,1.0,2.0,1,1.0,True
3270000.0,-99.1687442,19.4030025,22.0,51.0,1.0,2.0,1,1.0,False
6870000.0,-99.16806899999999,19.402932,55.0,91.0,2.0,0.0,1,2.0,False
4321857.0,-99.162549,19.419526,60.0,54.0,1.0,0.0,1,1.0,False
8700000.0,-99.16620259999999,19.405256299999998,365.0,120.0,2.0,5.0,2,3.0,False
900901.0,-99.1609669,19.423962600000003,90.0,75.0,1.0,0.0,1,3.0,False
6500000.0,-99.1605674,19.4127648,365.0,103.0,2.0,4.0,1,2.0,False
7040000.0,-99.1649891,19.405299,12.0,107.0,3.0,0.0,2,2.0,True
3890000.0,-99.15666379999999,19.4043616,120.0,83.0,2.0,0.0,1,2.0,False
10513880.0,-99.1615919,19.4155552,25.0,202.0,2.0,5.0,2,3.0,False
7780000.0,-99.16525820000001,19.410880499999998,210.0,180.0,2.0,5.0,2,2.0,False
6750000.0,-99.1602414,19.4148447,365.0,112.0,1.0,0.0,1,1.0,False
7780000.0,-99.1672582,19.4088805,60.0,180.0,2.0,5.0,2,2.0,False
4369000.0,-99.1591243,19.413448300000002,300.0,75.0,2.0,4.0,1,2.0,False
6800000.0,-99.1674782,19.4019788,270.0,132.0,2.0,6.0,2,3.0,False
9481000.0,-99.15748520000001,19.416233399999996,60.0,128.0,2.0,4.0,2,2.0,False
8850000.0,-99.1652218,19.4056152,330.0,188.0,2.0,5.0,2,2.0,False
5135000.0,-99.16520140000002,19.418153,39.0,70.0,2.0,0.0,1,2.0,False
9736000.0,-99.16520140000002,19.418153,39.0,107.0,2.0,0.0,2,2.0,False
9344300.0,-99.1660473,19.408528699999998,150.0,151.0,2.0,0.0,1,2.0,False
12900000.0,-99.1613324,19.418848800000003,330.0,215.0,2.0,5.0,2,2.0,False
10050000.0,-99.15964749999999,19.4168211,300.0,194.0,2.0,4.0,2,2.0,False
12000000.0,-99.15964749999999,19.4168211,730.0,143.0,2.0,0.0,2,2.0,False
5800000.0,-99.1763064,19.420247600000003,45.0,110.0,2.0,4.0,2,2.0,False
6643287.0,-99.1605993,19.4058661,19.0,93.0,2.0,4.0,2,2.0,False
4643800.0,-99.1605358,19.4115632,35.0,78.0,2.0,4.0,1,2.0,True
4900000.0,-99.16569799999999,19.407535,150.0,100.0,2.0,0.0,1,2.0,False
8400000.0,-99.15656,19.4221343,365.0,146.0,2.0,4.0,1,2.0,False
6450000.0,-99.1602414,19.4148447,15.0,80.0,2.0,0.0,1,2.0,False
4655643.0,-99.1605358,19.4115632,21.0,70.0,2.0,4.0,1,2.0,True
4445000.0,-99.16520140000002,19.418153,39.0,85.0,2.0,0.0,1,2.0,False
6950000.0,-99.15982079999999,19.424089600000002,60.0,123.0,2.0,4.0,1,2.0,False
4536860.0,-99.162549,19.419526,60.0,75.0,2.0,0.0,1,2.0,False
4369000.0,-99.1611243,19.4114483,60.0,75.0,2.0,4.0,1,2.0,False
8850000.0,-99.1662218,19.4046152,60.0,188.0,2.0,5.0,2,2.0,False
3269750.0,-99.16520140000002,19.418153,8.0,41.0,1.0,0.0,1,1.0,False
5653289.0,-99.1605993,19.4058661,19.0,93.0,2.0,4.0,1,2.0,False
4714700.0,-99.162549,19.419526,60.0,78.0,2.0,0.0,1,2.0,False
4369000.0,-99.1611243,19.4114483,60.0,86.0,2.0,4.0,1,2.0,False
3715282.0,-99.162549,19.419525600000004,11.0,47.0,1.0,0.0,1,1.0,True
7040000.0,-99.1649891,19.405299,12.0,107.0,3.0,0.0,2,2.0,True
14040000.0,-99.16520140000002,19.418153,39.0,270.0,2.0,0.0,2,2.0,False
4578160.0,-99.162549,19.419526,60.0,76.0,2.0,0.0,1,2.0,False
4539220.0,-99.164989,19.405299,60.0,75.0,2.0,0.0,1,2.0,False
4369000.0,-99.1611243,19.4114483,300.0,86.0,2.0,4.0,1,2.0,False
4186666.0,-99.1600444,19.4076742,365.0,64.0,2.0,0.0,1,2.0,False
2890000.0,-99.16512469999999,19.4117924,210.0,42.0,1.0,3.0,1,1.0,False
5500000.0,-99.1605674,19.4127648,365.0,90.0,1.0,2.0,1,1.0,False
2900000.0,-99.1685,19.4019,25.0,85.0,2.0,0.0,1,3.0,False
8700000.0,-99.1662582,19.4098805,210.0,195.0,2.0,5.0,2,2.0,False
3812941.0,-99.1628061,19.405824300000003,39.0,90.0,1.0,0.0,2,2.0,False
2878798.0,-99.16525340000001,19.4229547,210.0,37.0,1.0,2.0,1,1.0,False
8700000.0,-99.1672582,19.4088805,60.0,195.0,2.0,5.0,2,2.0,False
5500000.0,-99.168491,19.4203748,270.0,80.0,1.0,2.0,1,1.0,False
7715000.0,-99.16031329999998,19.4148155,60.0,108.0,3.0,6.0,2,3.0,False
4495000.0,-99.1596792,19.4158401,150.0,90.0,2.0,5.0,2,3.0,False
3588410.0,-99.16936650000001,19.404722800000002,59.0,53.0,1.0,3.0,1,2.0,False
6105892.0,-99.16246329999998,19.403810800000002,60.0,79.0,2.0,2.0,2,2.0,False
14700000.0,-99.162549,19.419526,60.0,284.0,4.0,0.0,1,3.0,False
12800000.0,-99.15964749999999,19.4168211,730.0,143.0,2.0,0.0,2,2.0,False
4774000.0,-99.16520140000002,19.418153,39.0,63.0,1.0,0.0,1,2.0,False
2890000.0,-99.16212469999999,19.4147924,60.0,42.0,1.0,3.0,1,1.0,False
2793102.0,-99.16525340000001,19.4229547,210.0,34.0,2.0,0.0,1,2.0,False
8200000.0,-99.16520140000002,19.4181531,150.0,165.0,3.0,0.0,1,2.0,False
6360510.0,-99.1623461,19.4115152,24.0,89.0,2.0,2.0,2,2.0,False
7667000.0,-99.1602414,19.4148447,25.0,108.0,2.0,5.0,2,2.0,False
5150000.0,-99.1602704,19.4061693,180.0,136.0,2.0,4.0,2,2.0,False
4369000.0,-99.1591243,19.413448300000002,330.0,64.0,2.0,4.0,1,2.0,False
12900000.0,-99.162549,19.419526,60.0,200.0,4.0,0.0,1,3.0,False
6084392.0,-99.16246329999998,19.403810800000002,60.0,81.0,2.0,2.0,2,2.0,False
12146070.0,-99.166438,19.4182766,18.0,98.0,2.0,5.0,2,2.0,False
7250000.0,-99.1669069,19.408698100000002,31.0,117.0,2.0,0.0,2,2.0,False
3999900.0,-99.16246329999998,19.403810800000002,60.0,66.0,2.0,2.0,1,2.0,False
5299900.0,-99.16246329999998,19.403810800000002,60.0,88.0,2.0,2.0,1,2.0,False
5519000.0,-99.1571281,19.4073996,330.0,100.0,2.0,0.0,1,2.0,False
7257350.0,-99.166438,19.4182766,33.0,101.0,2.0,4.0,2,2.0,False
4710600.0,-99.1623461,19.4115152,48.0,78.0,2.0,2.0,1,2.0,False
4714700.0,-99.1623461,19.4115152,48.0,75.0,2.0,2.0,1,2.0,False
5340000.0,-99.15982079999999,19.424089600000002,60.0,86.0,2.0,4.0,1,2.0,False
4976000.0,-99.162549,19.419526,60.0,51.0,1.0,0.0,1,1.0,False
4049900.0,-99.16246329999998,19.403810800000002,60.0,67.0,2.0,2.0,1,2.0,False
4149900.0,-99.16246329999998,19.403810800000002,60.0,68.0,2.0,2.0,1,2.0,False
8400000.0,-99.162549,19.419525600000004,12.0,122.0,3.0,0.0,1,2.0,True
6380520.0,-99.1623461,19.4115152,48.0,88.0,2.0,2.0,2,2.0,False
8026360.0,-99.1623461,19.4115152,48.0,100.0,2.0,2.0,2,2.0,False
6661750.0,-99.1623461,19.4115152,48.0,76.0,2.0,2.0,1,2.0,False
4805142.0,-99.16246329999998,19.403810800000002,60.0,67.0,2.0,2.0,1,2.0,False
4369000.0,-99.1611243,19.4114483,60.0,64.0,2.0,4.0,1,2.0,False
10200000.0,-99.1678785,19.4030527,24.0,99.0,2.0,3.0,2,3.0,False
9880000.0,-99.1678785,19.4030527,24.0,111.0,2.0,3.0,2,3.0,False
11050000.0,-99.1678785,19.4030527,24.0,113.0,2.0,3.0,2,3.0,False
9670000.0,-99.1678785,19.4030527,24.0,111.0,2.0,3.0,2,3.0,False
3771278.0,-99.1683906,19.4029964,31.0,66.0,1.0,0.0,1,1.0,False
6306550.0,-99.1623461,19.4115152,48.0,93.0,2.0,2.0,1,2.0,False
5845980.0,-99.1623461,19.4115152,48.0,86.0,2.0,2.0,2,2.0,False
17330000.0,-99.1581372,19.419460100000002,365.0,204.0,2.0,5.0,2,2.0,False
5900000.0,-99.16059399999999,19.4217314,300.0,156.0,1.0,4.0,1,3.0,False
8952615.0,-99.1692582,19.4068805,330.0,198.0,2.0,5.0,2,2.0,False
12900000.0,-99.162549,19.419525600000004,120.0,284.0,3.0,0.0,1,3.0,False
5000000.0,-99.162549,19.419525600000004,120.0,69.0,1.0,3.0,1,1.0,False
6976349.0,-99.15743990000001,19.409300899999998,60.0,185.0,2.0,4.0,2,2.0,False
1200000.0,-99.15964749999999,19.4168211,90.0,83.0,2.0,0.0,1,2.0,False
12000000.0,-99.15964749999999,19.4168211,120.0,187.0,2.0,5.0,2,2.0,False
7650000.0,-99.1682218,19.4026152,210.0,134.0,2.0,5.0,2,2.0,False
2250000.0,-99.1642982,19.411255899999997,180.0,68.0,2.0,4.0,1,2.0,False
4930000.0,-99.1642694,19.4202688,365.0,100.0,2.0,0.0,1,2.0,False
3848548.0,-99.16704399999999,19.420087,55.0,36.0,1.0,0.0,1,1.0,False
7650000.0,-99.1662218,19.4046152,60.0,134.0,2.0,5.0,2,2.0,False
5653287.0,-99.1584399,19.4083009,365.0,93.0,2.0,4.0,2,2.0,False
12900000.0,-99.159453,19.417364000000003,60.0,284.0,4.0,0.0,1,3.0,False
12660000.0,-99.1581372,19.419460100000002,365.0,149.0,2.0,5.0,2,2.0,False
14345000.0,-99.1581372,19.419460100000002,365.0,185.0,2.0,5.0,2,2.0,False
6586413.0,-99.1631623,19.4037937,90.0,111.0,2.0,4.0,1,2.0,False
8706563.0,-99.1575993,19.4088661,120.0,140.0,3.0,6.0,2,3.0,False
6296000.0,-99.1621697,19.4058504,270.0,103.0,2.0,4.0,2,2.0,False
4482780.0,-99.162549,19.419526,60.0,70.0,2.0,0.0,1,2.0,False
4944054.0,-99.1649891,19.405299,12.0,86.0,3.0,0.0,1,3.0,True
3848548.0,-99.162549,19.419526,60.0,37.0,1.0,0.0,1,1.0,False
8229770.0,-99.16185329999999,19.4056186,60.0,115.0,2.0,3.0,2,3.0,False
6976349.0,-99.1602247,19.4054217,150.0,185.0,2.0,4.0,2,2.0,False
7040000.0,-99.16620259999999,19.405256299999998,365.0,106.0,2.0,5.0,2,2.0,False
4300000.0,-99.162549,19.419526,60.0,43.0,1.0,0.0,1,1.0,False
9326512.0,-99.16185329999999,19.4056186,60.0,134.0,2.0,3.0,2,3.0,False
8952615.0,-99.1672582,19.4088805,60.0,198.0,2.0,5.0,2,2.0,False
6643287.0,-99.1614399,19.4053009,120.0,179.0,2.0,4.0,2,2.0,False
4062500.0,-99.1636483,19.421867499999998,19.0,49.0,1.0,2.0,1,1.0,False
6296000.0,-99.164989,19.405299,60.0,99.0,2.0,0.0,1,2.0,False
4421000.0,-99.162549,19.419526,60.0,36.0,1.0,0.0,1,1.0,False
5363485.0,-99.162549,19.419526,60.0,83.0,2.0,0.0,1,2.0,False
7874000.0,-99.164989,19.405299,60.0,91.0,2.0,0.0,1,2.0,False
4472000.0,-99.162549,19.419526,60.0,43.0,1.0,0.0,1,1.0,False
8725800.0,-99.164989,19.405299,60.0,121.0,4.0,0.0,1,3.0,False
8725000.0,-99.164989,19.405299,60.0,163.0,4.0,0.0,1,3.0,False
7792000.0,-99.164989,19.405299,60.0,140.0,3.0,0.0,1,2.0,False
7676000.0,-99.164989,19.405299,60.0,142.0,2.0,0.0,1,2.0,False
8706563.0,-99.1602247,19.4054217,150.0,140.0,3.0,6.0,2,3.0,False
10100000.0,-99.163205,19.4159657,35.0,157.0,3.0,7.0,2,3.0,True
4695000.0,-99.16520140000002,19.418153,39.0,85.0,2.0,0.0,1,2.0,False
4442000.0,-99.162549,19.419526,60.0,36.0,1.0,0.0,1,1.0,False
9689000.0,-99.164989,19.405299,60.0,91.0,2.0,0.0,1,2.0,False
8434800.0,-99.164989,19.405299,60.0,135.0,4.0,0.0,1,3.0,False
7981000.0,-99.164989,19.405299,60.0,109.0,2.0,0.0,1,2.0,False
5041000.0,-99.162549,19.419526,60.0,51.0,1.0,0.0,1,1.0,False
1800000.0,-99.159609,19.4119107,240.0,40.0,1.0,2.0,1,1.0,False
840145.0,-99.1741894,19.3679307,90.0,75.0,2.0,0.0,1,2.0,False
902000.0,-99.1585252,19.418053699999998,90.0,70.0,2.0,0.0,1,3.0,False
839652.0,-99.15833149999999,19.424552,90.0,70.0,2.0,0.0,1,2.0,False
2400000.0,-99.1585585,19.429345899999998,35.0,50.0,1.0,2.0,1,1.0,False
4703000.0,-99.16795929999999,19.4213628,300.0,98.0,3.0,0.0,1,3.0,False
5350000.0,-99.16864609999999,19.403008899999996,365.0,104.0,2.0,4.0,1,2.0,False
4850000.0,-99.16864609999999,19.403008899999996,365.0,90.0,2.0,4.0,1,2.0,False
3429250.0,-99.1560507,19.4125049,270.0,43.0,1.0,2.0,1,1.0,False
4943000.0,-99.16795929999999,19.4213628,300.0,103.0,3.0,0.0,1,3.0,False
6690000.0,-99.16593,19.402662,55.0,62.0,1.0,0.0,1,3.0,False
9350000.0,-99.15964749999999,19.4168211,300.0,104.0,2.0,4.0,2,2.0,False
14382000.0,-99.164989,19.405299,60.0,193.0,3.0,0.0,1,2.0,False
2350000.0,-99.1633655,19.411271300000003,90.0,182.0,1.0,0.0,1,2.0,False
10750000.0,-99.15964749999999,19.4168211,120.0,195.0,3.0,7.0,2,3.0,False
5653257.0,-99.1602247,19.4054217,210.0,93.0,2.0,0.0,1,2.0,False
5998135.0,-99.15964749999999,19.4168211,270.0,92.0,2.0,4.0,2,2.0,False
9840000.0,-99.1649,19.4157,365.0,195.0,3.0,0.0,2,3.0,False
9950000.0,-99.16864609999999,19.403008899999996,365.0,176.0,2.0,4.0,1,2.0,False
4070000.0,-99.15907059999999,19.411997399999997,90.0,64.0,2.0,0.0,1,2.0,False
4210000.0,-99.1562223,19.4124711,365.0,76.0,2.0,4.0,1,2.0,False
6996018.0,-99.162549,19.419525600000004,11.0,126.0,2.0,0.0,1,2.0,True
4100000.0,-99.1546255,19.4170429,60.0,64.0,1.0,3.0,1,1.0,False
4670000.0,-99.162549,19.419526,60.0,40.0,1.0,0.0,1,1.0,False
3150850.0,-99.15907059999999,19.411997399999997,90.0,41.0,1.0,0.0,1,1.0,False
9333000.0,-99.1557502,19.420885199999997,120.0,130.0,2.0,0.0,2,2.0,False
9000000.0,-99.22670670000001,19.360533399999998,150.0,113.0,2.0,5.0,2,3.0,False
9590000.0,-99.15964749999999,19.4168211,300.0,204.0,2.0,4.0,2,2.0,False
6853000.0,-99.1562314,19.4123937,24.0,66.0,2.0,2.0,1,2.0,False
5452850.0,-99.162549,19.419526,60.0,92.0,2.0,0.0,1,2.0,False
12901458.0,-99.162549,19.419526,60.0,136.0,3.0,0.0,1,3.0,False
4631000.0,-99.1562314,19.4123937,19.0,78.0,1.0,3.0,1,2.0,False
5060000.0,-99.1562314,19.4123937,24.0,76.0,2.0,2.0,1,2.0,False
3429250.0,-99.1562314,19.4123937,24.0,43.0,1.0,1.0,1,1.0,False
9950000.0,-99.15939959999999,19.415896,46.0,162.0,3.0,6.0,2,3.0,False
6330120.0,-99.16055209999999,19.411565200000002,48.0,89.0,2.0,2.0,2,2.0,False
5363485.0,-99.16055209999999,19.411565200000002,48.0,83.0,2.0,2.0,2,2.0,False
11675527.0,-99.162549,19.419526,60.0,140.0,3.0,0.0,1,3.0,False
10750000.0,-99.162549,19.419526,60.0,150.0,4.0,0.0,1,3.0,False
5845980.0,-99.162549,19.419526,60.0,92.0,2.0,0.0,1,2.0,False
4980000.0,-99.15907059999999,19.411997399999997,90.0,76.0,2.0,0.0,1,2.0,False
9350000.0,-99.1649,19.4157,365.0,194.0,2.0,0.0,2,2.0,False
3635005.0,-99.1562314,19.4123937,8.0,43.0,1.0,2.0,1,1.0,False
9350000.0,-99.162549,19.419525600000004,12.0,194.0,3.0,0.0,2,2.0,True
6600000.0,-99.1562314,19.4123937,24.0,63.0,2.0,2.0,1,2.0,False
4378000.0,-99.1562314,19.4123937,24.0,65.0,2.0,2.0,1,2.0,False
4389000.0,-99.1562314,19.4123937,24.0,59.0,2.0,2.0,1,2.0,False
6079500.0,-99.15724770000001,19.4071173,35.0,98.0,2.0,4.0,2,2.0,True
6384000.0,-99.15724770000001,19.4071173,35.0,97.0,2.0,4.0,2,2.0,True
6792390.0,-99.16055209999999,19.411565200000002,48.0,89.0,2.0,2.0,2,2.0,False
6218895.0,-99.16055209999999,19.411565200000002,48.0,84.0,2.0,2.0,2,2.0,False
7591980.0,-99.16055209999999,19.411565200000002,48.0,96.0,2.0,2.0,2,2.0,False
4270200.0,-99.16055209999999,19.411565200000002,48.0,71.0,2.0,2.0,1,2.0,False
4303135.0,-99.16055209999999,19.411565200000002,48.0,71.0,2.0,2.0,1,2.0,False
11502061.0,-99.162549,19.419526,60.0,139.0,3.0,0.0,1,2.0,False
4783584.0,-99.164989,19.405299,60.0,87.0,2.0,0.0,1,3.0,False
7639585.0,-99.162549,19.419526,60.0,122.0,2.0,0.0,1,2.0,False
11582200.0,-99.15972550000001,19.4141843,240.0,158.56,3.0,0.0,2,2.0,False
4943000.0,-99.16795929999999,19.4213628,300.0,103.0,3.0,0.0,1,3.0,False
5800000.0,-99.162549,19.419525600000004,365.0,57.0,1.0,0.0,1,1.0,False
7855960.0,-99.162549,19.419525600000004,240.0,117.0,2.0,0.0,2,2.0,False
3273000.0,-99.1704172,19.4214358,330.0,42.0,1.0,0.0,1,1.0,False
6879300.0,-99.15972550000001,19.4141843,240.0,100.0,2.0,0.0,1,2.0,False
10174465.0,-99.15972550000001,19.4141843,240.0,152.39,2.0,0.0,2,2.0,False
9590000.0,-99.1649402,19.4156973,365.0,204.0,2.0,0.0,2,3.0,False
4700000.0,-99.162138,19.409823100000004,120.0,78.0,2.0,0.0,1,2.0,False
4774000.0,-99.162549,19.419525600000004,300.0,76.42,1.0,0.0,1,2.0,False
11720000.0,-99.1649891,19.405299,270.0,100.0,2.0,0.0,2,2.0,False
4066000.0,-99.15557840000001,19.416796899999998,300.0,95.0,2.0,4.0,1,2.0,False
2870000.0,-99.1552223,19.413471100000002,300.0,43.0,2.0,4.0,1,2.0,False
14382000.0,-99.15080999999999,19.436631,330.0,193.0,4.0,8.0,2,3.0,False
839652.0,-99.15833149999999,19.424552,90.0,70.0,2.0,0.0,1,2.0,False
920000.0,-99.1626881,19.404441600000002,300.0,150.0,2.0,0.0,1,2.0,False
5200000.0,-99.1627985,19.412346,120.0,72.0,1.0,2.0,1,1.0,False
3135000.0,-99.1636483,19.421867499999998,365.0,38.0,1.0,3.0,1,1.0,False
7040000.0,-99.160073,19.4110273,90.0,122.0,2.0,6.0,1,3.0,False
6732700.0,-99.1557064,19.418011,270.0,103.0,2.0,0.0,1,2.0,False
6835000.0,-99.162549,19.419525600000004,300.0,152.0,2.0,4.0,1,2.0,False
8558032.0,-99.16646879999999,19.4084453,210.0,145.0,2.0,0.0,1,2.0,False
4102500.0,-99.1636483,19.421867499999998,365.0,49.0,1.0,3.0,1,1.0,False
11148000.0,-99.1649891,19.405299,270.0,92.0,3.0,0.0,2,3.0,False
11317200.0,-99.165227,19.4022256,33.0,143.0,2.0,5.0,1,2.0,False
6744923.0,-99.16103009999999,19.404208999999998,240.0,111.0,2.0,5.0,2,3.0,False
12660000.0,-99.1613324,19.418848800000003,240.0,153.0,2.0,0.0,1,2.0,False
11200000.0,-99.1632189,19.4160311,180.0,150.0,3.0,0.0,2,3.0,False
3820000.0,-99.1532223,19.4154711,300.0,63.0,2.0,4.0,1,2.0,False
3155000.0,-99.1637208,19.421734899999997,39.0,38.0,1.0,0.0,1,1.0,False
9010885.0,-99.170547,19.4206466,150.0,108.0,2.0,6.0,2,2.0,False
3180000.0,-99.1552223,19.413471100000002,300.0,43.0,2.0,4.0,1,2.0,False
7932730.0,-99.1606225,19.4146914,330.0,109.0,2.0,5.0,2,3.0,False
11720767.0,-99.16147729999999,19.4130341,365.0,100.0,2.0,5.0,2,2.0,False
6388236.0,-99.164989,19.405299,60.0,117.0,3.0,0.0,1,3.0,False
10500000.0,-99.16520140000002,19.4181531,120.0,140.0,2.0,0.0,2,3.0,False
8165300.0,-99.1606225,19.4146914,330.0,114.0,2.0,5.0,2,3.0,False
13471140.0,-99.1606225,19.4146914,330.0,191.0,2.0,5.0,2,3.0,False
6958000.0,-99.1571281,19.4073996,330.0,127.0,2.0,0.0,2,3.0,False
13500000.0,-99.162549,19.419525600000004,365.0,195.0,3.0,0.0,2,3.0,False
1759000.0,-99.1610265,19.4116332,60.0,100.0,2.0,0.0,1,2.0,False
3269750.0,-99.162549,19.419526,60.0,41.0,1.0,0.0,1,1.0,False
6853000.0,-99.1562223,19.4124711,90.0,132.0,2.0,4.0,1,2.0,False
1605400.0,-99.14951070000001,19.4356338,90.0,85.0,1.0,0.0,2,3.0,False
3940000.0,-99.1582223,19.410471100000002,300.0,65.0,2.0,4.0,1,2.0,False
4600000.0,-99.1542223,19.4144711,300.0,76.0,2.0,4.0,1,2.0,False
6230000.0,-99.1552223,19.413471100000002,300.0,132.0,2.0,4.0,1,2.0,False
4720000.0,-99.16638470000001,19.405973,365.0,96.0,2.0,0.0,1,2.0,False
14148523.0,-99.16147729999999,19.4130341,365.0,193.0,2.0,5.0,2,2.0,False
839652.0,-99.1548729,19.4187185,9.0,80.0,2.0,0.0,1,2.0,False
7250000.0,-99.1640265,19.418998300000002,60.0,111.0,2.0,4.0,2,2.0,False
4535000.0,-99.162549,19.419526,60.0,54.0,1.0,0.0,1,1.0,False
13333717.0,-99.16147729999999,19.4130341,365.0,112.0,2.0,5.0,2,2.0,False
3370000.0,-99.162549,19.419525600000004,12.0,43.0,1.0,0.0,1,1.0,True
11200000.0,-99.163205,19.4159657,35.0,184.0,3.0,7.0,2,3.0,True
6641481.0,-99.164989,19.405299,60.0,118.0,3.0,0.0,1,3.0,False
5692500.0,-99.162549,19.419526,60.0,69.0,1.0,0.0,1,1.0,False
4279000.0,-99.162549,19.419526,60.0,62.0,2.0,0.0,1,2.0,False
6853000.0,-99.162549,19.419526,60.0,66.0,2.0,0.0,1,2.0,False
5060000.0,-99.162549,19.419526,60.0,76.0,2.0,0.0,1,2.0,False
4202000.0,-99.162549,19.419526,60.0,63.0,2.0,0.0,1,2.0,False
3429250.0,-99.162549,19.419526,60.0,43.0,1.0,0.0,1,1.0,False
10100000.0,-99.1633543,19.416358300000002,180.0,153.0,3.0,0.0,2,3.0,False
9880000.0,-99.1649891,19.405299,12.0,157.0,2.0,0.0,2,3.0,True
6426000.0,-99.1649891,19.405299,12.0,111.0,2.0,0.0,2,3.0,True
4122500.0,-99.162549,19.419526,60.0,38.0,1.0,0.0,1,1.0,False
4246000.0,-99.162549,19.419526,60.0,63.0,2.0,0.0,1,2.0,False
6594096.0,-99.164989,19.405299,60.0,117.0,3.0,0.0,1,3.0,False
8856256.0,-99.164989,19.405299,60.0,117.0,4.0,0.0,1,3.0,False
4290000.0,-99.162549,19.419526,60.0,59.0,1.0,0.0,1,2.0,False
10429375.0,-99.16103009999999,19.404208999999998,300.0,222.0,2.0,5.0,2,3.0,False
14000000.0,-99.1634431,19.412040700000002,270.0,154.0,3.0,7.0,1,3.0,False
3300000.0,-99.1613449,19.4185174,90.0,137.0,2.0,0.0,1,3.0,False
1800000.0,-99.163366,19.411271,240.0,90.0,2.0,0.0,1,2.0,False
989670.0,-99.162892,19.421126,240.0,75.0,2.0,0.0,1,2.0,False
2300000.0,-99.17070279999999,19.4184178,90.0,117.0,2.0,0.0,1,2.0,False
9750000.0,-99.1655017,19.4138234,365.0,135.0,3.0,6.0,1,3.0,False
4200000.0,-99.16520140000002,19.418153,39.0,85.0,1.0,0.0,1,2.0,False
1750667.0,-99.159086,19.422147,240.0,100.0,2.0,0.0,1,3.0,False
2792170.0,-99.1693212,19.421917,90.0,37.13,1.0,0.0,1,1.0,False
1105470.0,-99.16336640000002,19.4112706,29.0,90.0,2.0,0.0,1,2.0,False
13354550.0,-99.16381379999999,19.3889011,90.0,170.0,3.0,7.0,2,3.0,False
2840000.0,-99.1545772,19.4175758,90.0,90.0,2.0,0.0,1,2.0,False
5653287.0,-99.1649891,19.405299,150.0,140.0,2.0,0.0,2,2.0,False
1300259.0,-99.16431899999999,19.411479,240.0,68.0,2.0,0.0,1,2.0,False
3840000.0,-99.15814240000002,19.4156986,31.0,56.0,1.0,0.0,1,1.0,False
5200000.0,-99.1743199,19.4193691,90.0,99.0,2.0,0.0,2,3.0,False
1151648.0,-99.168802,19.401785,240.0,70.0,1.0,0.0,1,2.0,False
2840000.0,-99.16336640000002,19.4112706,90.0,90.0,2.0,0.0,1,2.0,False
3070859.0,-99.1693856,19.4218158,90.0,39.65,1.0,0.0,1,1.0,False
1105469.0,-99.16336640000002,19.4112706,36.0,90.0,2.0,0.0,1,2.0,False
1277348.0,-99.160967,19.423963,41.0,65.0,2.0,0.0,1,3.0,False
4804764.0,-99.1693856,19.4218968,90.0,70.29,1.0,0.0,1,2.0,False
2700000.0,-99.16430629999999,19.411426300000002,90.0,56.0,1.0,0.0,1,2.0,False
8217000.0,-99.16099759999999,19.409616600000003,365.0,120.0,2.0,0.0,1,2.0,False
4812500.0,-99.15768659999999,19.4159702,31.0,74.0,1.0,0.0,1,2.0,False
4250000.0,-99.15893340000001,19.415475,31.0,64.0,1.0,0.0,1,1.0,False
1105469.0,-99.16336640000002,19.4112706,34.0,90.0,2.0,0.0,1,2.0,False
4455575.0,-99.15929200000001,19.403073100000004,35.0,98.0,2.0,5.0,1,3.0,True
12839444.0,-99.162549,19.419526,60.0,141.0,3.0,0.0,1,2.0,False
8250000.0,-99.162549,19.419526,60.0,213.0,3.0,0.0,1,3.0,False
4624150.0,-99.15929200000001,19.403073100000004,35.0,97.0,2.0,5.0,1,3.0,True
13322205.0,-99.162549,19.419526,60.0,158.0,3.0,0.0,1,3.0,False
10592361.0,-99.162549,19.419526,60.0,168.0,3.0,0.0,1,3.0,False
10048500.0,-99.162549,19.419526,60.0,161.0,3.0,0.0,1,3.0,False
12203137.0,-99.162549,19.419526,60.0,134.0,2.0,0.0,1,2.0,False
5197500.0,-99.1636483,19.421867499999998,24.0,63.0,1.0,1.0,1,1.0,False
4496000.0,-99.1636483,19.421867499999998,24.0,56.0,1.0,1.0,1,1.0,False
4157440.0,-99.15929200000001,19.403073100000004,35.0,96.0,2.0,4.0,1,2.0,True
4548300.0,-99.15929200000001,19.403073100000004,35.0,101.0,2.0,5.0,1,3.0,True
4548304.0,-99.15929200000001,19.403073100000004,35.0,101.0,2.0,5.0,1,3.0,True
4568300.0,-99.15929200000001,19.403073100000004,35.0,101.0,2.0,5.0,1,3.0,True
4061500.0,-99.15929200000001,19.403073100000004,35.0,91.0,2.0,4.0,1,2.0,True
4415575.0,-99.15929200000001,19.403073100000004,35.0,98.0,2.0,5.0,1,3.0,True
9305538.0,-99.162549,19.419526,60.0,130.0,3.0,0.0,1,3.0,False
10249470.0,-99.162549,19.419526,60.0,153.0,3.0,0.0,1,3.0,False
5653287.0,-99.1602247,19.4054217,150.0,93.0,2.0,4.0,2,2.0,False
4900000.0,-99.1659298,19.402662,365.0,91.0,2.0,4.0,1,2.0,False
4100750.0,-99.162549,19.419525600000004,300.0,65.0,1.0,0.0,1,1.0,False
958789.0,-99.168266,19.42105,60.0,113.0,2.0,0.0,1,3.0,False
1800000.0,-99.1633655,19.411271300000003,300.0,90.0,2.0,0.0,1,2.0,False
2972500.0,-99.1562314,19.4123937,270.0,41.0,1.0,0.0,1,1.0,False
3135000.0,-99.162549,19.419525600000004,240.0,39.0,1.0,2.0,1,1.0,False
1394590.0,-99.1654,19.41368,60.0,89.0,1.0,0.0,1,3.0,False
839240.0,-99.163366,19.411271,12.0,90.0,2.0,0.0,1,3.0,False
6976349.0,-99.1602247,19.4054217,60.0,185.0,2.0,4.0,2,2.0,False
3155000.0,-99.16430629999999,19.411426300000002,90.0,85.0,2.0,0.0,1,3.0,False
10400000.0,-99.1649891,19.405299,120.0,150.0,2.0,4.0,2,2.0,False
1105470.0,-99.16336640000002,19.4112706,12.0,90.0,2.0,0.0,1,2.0,False
8781000.0,-99.1602414,19.4148447,270.0,160.0,3.0,6.0,2,3.0,False
6870000.0,-99.16506,19.405928399999997,300.0,111.0,2.0,5.0,2,3.0,False
11550000.0,-99.16506,19.405928399999997,300.0,222.0,2.0,5.0,2,3.0,False
989670.0,-99.162892,19.421126,41.0,75.0,2.0,0.0,1,2.0,False
1750667.0,-99.159086,19.422147,41.0,100.0,2.0,0.0,1,3.0,False
2120000.0,-99.14951070000001,19.4356338,90.0,65.0,2.0,0.0,1,2.0,False
8250004.0,-99.14951070000001,19.4356338,12.0,167.0,2.0,0.0,1,2.0,True
5950004.0,-99.14951070000001,19.4356338,12.0,90.0,2.0,0.0,2,2.0,True
5775000.0,-99.1655449,19.413285600000002,31.0,89.0,2.0,0.0,1,2.0,False
9350000.0,-99.16510240000001,19.416002300000002,31.0,194.0,2.0,0.0,2,2.0,False
9990000.0,-99.164989,19.405299,60.0,286.0,2.0,0.0,1,3.0,False
10105450.0,-99.1674782,19.4019788,270.0,140.0,3.0,6.0,3,3.0,False
7000000.0,-99.16506,19.405928399999997,300.0,112.0,2.0,5.0,2,3.0,False
1300259.0,-99.16431870000001,19.4114785,300.0,68.0,2.0,0.0,1,2.0,False
4700000.0,-99.161073,19.410027300000003,90.0,77.0,2.0,4.0,1,2.0,False
634217.0,-99.16431899999999,19.411479,12.0,68.0,2.0,0.0,1,2.0,False
10249474.0,-99.14951070000001,19.4356338,12.0,162.0,3.0,0.0,2,3.0,True
9859115.0,-99.1628061,19.405824300000003,39.0,143.0,2.0,0.0,1,2.0,False
6990000.0,-99.164989,19.405299,60.0,128.0,2.0,0.0,1,3.0,False
6643287.0,-99.1602247,19.4054217,150.0,179.0,2.0,4.0,2,2.0,False
10200000.0,-99.16906,19.4019284,300.0,163.0,2.0,5.0,2,3.0,False
4440632.0,-99.164989,19.405299,60.0,63.0,2.0,0.0,1,2.0,False
5006474.0,-99.164989,19.405299,60.0,81.0,2.0,0.0,1,2.0,False
4440632.0,-99.164989,19.405299,60.0,73.0,2.0,0.0,1,2.0,False
4271474.0,-99.164989,19.405299,60.0,71.0,2.0,0.0,1,2.0,False
5006474.0,-99.164989,19.405299,60.0,71.0,2.0,0.0,1,2.0,False
4198875.0,-99.164989,19.405299,60.0,71.0,2.0,0.0,1,2.0,False
4198875.0,-99.164989,19.405299,60.0,71.0,2.0,0.0,1,2.0,False
1894000.0,-99.1613449,19.4185174,180.0,145.0,2.0,5.0,1,3.0,False
2151648.0,-99.1690664,19.401954999999997,300.0,70.0,1.0,0.0,1,2.0,False
3250000.0,-99.1690664,19.401954999999997,270.0,86.0,2.0,5.0,1,3.0,False
1105469.0,-99.16336640000002,19.4112706,90.0,90.0,2.0,0.0,1,2.0,False
920000.0,-99.162688,19.404442,210.0,150.0,2.0,0.0,1,2.0,False
3270000.0,-99.1565968,19.4124257,39.0,41.0,1.0,0.0,1,1.0,False
1277348.0,-99.160967,19.423963,210.0,65.0,2.0,0.0,1,3.0,False
8192000.0,-99.165451,19.4045013,365.0,93.0,2.0,5.0,2,2.0,False
1277348.0,-99.1609669,19.423962600000003,300.0,65.0,2.0,0.0,1,3.0,False
5673000.0,-99.165451,19.4045013,365.0,93.0,2.0,5.0,2,2.0,False
4440632.0,-99.1611243,19.4114483,90.0,72.0,2.0,4.0,1,2.0,False
8706563.0,-99.1602247,19.4054217,60.0,140.0,3.0,6.0,2,3.0,False
4734300.0,-99.1649891,19.405299,120.0,70.0,2.0,4.0,1,2.0,False
1020000.0,-99.159086,19.422147,300.0,100.0,2.0,0.0,1,3.0,False
2750667.0,-99.1590856,19.422147199999998,300.0,100.0,2.0,0.0,1,3.0,False
1953000.0,-99.1712607,19.418654,300.0,98.0,2.0,0.0,1,2.0,False
847987.0,-99.17348829999999,19.4200374,300.0,95.0,2.0,0.0,1,3.0,False
900000.0,-99.1743199,19.4193691,300.0,191.0,2.0,0.0,1,3.0,False
738000.0,-99.15541,19.412573000000002,300.0,70.0,1.0,0.0,1,2.0,False
1285333.0,-99.1575288,19.4165174,300.0,135.0,2.0,0.0,1,2.0,False
900000.0,-99.1657027,19.408462300000004,300.0,60.0,1.0,0.0,1,2.0,False
958789.0,-99.16826540000001,19.4210499,300.0,327.0,2.0,0.0,1,3.0,False
7170000.0,-99.1649891,19.405299,365.0,185.0,2.0,0.0,2,2.0,False
1394590.0,-99.1654,19.4136795,300.0,89.0,3.0,0.0,1,4.0,False
1410000.0,-99.1554097,19.412573300000002,300.0,70.0,1.0,0.0,1,2.0,False
989670.0,-99.1628915,19.421126100000002,300.0,75.0,2.0,0.0,1,2.0,False
5950000.0,-99.162549,19.419525600000004,180.0,78.0,2.0,0.0,1,2.0,False
989670.0,-99.162892,19.421126,210.0,75.0,2.0,0.0,1,2.0,False
4996100.0,-99.1637,19.4088,150.0,70.0,2.0,0.0,1,2.0,False
4231337.0,-99.16178790000001,19.408933899999997,35.0,65.0,2.0,4.0,1,2.0,True
8028800.0,-99.1628061,19.405824300000003,39.0,115.0,2.0,0.0,2,3.0,False
8250000.0,-99.162549,19.419525600000004,180.0,91.0,2.0,0.0,1,2.0,False
7250000.0,-99.1672582,19.4088805,60.0,129.0,2.0,5.0,2,2.0,False
7900000.0,-99.1774462,19.4149803,60.0,114.0,2.0,4.0,1,2.0,False
8500000.0,-99.1774462,19.4149803,60.0,130.0,2.0,4.0,1,2.0,False
7500000.0,-99.1672582,19.4088805,60.0,141.0,2.0,5.0,2,2.0,False
1494000.0,-99.1626881,19.404441600000002,90.0,90.0,2.0,0.0,1,3.0,False
6500000.0,-99.1649891,19.405299,60.0,75.0,1.0,2.0,1,1.0,False
7500000.0,-99.1642582,19.4118805,60.0,141.0,2.0,5.0,2,2.0,False
7250000.0,-99.16525820000001,19.410880499999998,60.0,129.0,2.0,5.0,2,2.0,False
6516000.0,-99.1610681,19.4057767,40.0,164.0,2.0,0.0,2,2.0,False
6385000.0,-99.1610681,19.4057767,40.0,140.0,2.0,0.0,2,2.0,False
4116000.0,-99.1610681,19.4057767,40.0,84.0,2.0,0.0,1,2.0,False
4236000.0,-99.1610681,19.4057767,40.0,88.0,2.0,0.0,1,2.0,False
6620120.0,-99.1602414,19.4148447,60.0,114.0,2.0,0.0,2,2.0,False
6270000.0,-99.16806,19.402928399999997,330.0,114.0,2.0,0.0,2,3.0,False
